{"rmse": 22.8957508320799, "mean": 17.578202768631524, "median": 12.193651952299996, "std": 14.670453080582158, "min": 1.8734993066729493, "max": 80.90099292410895, "sse": 294084.8428583897}