{"rmse": 10.909589911382417, "mean": 8.608210816225233, "median": 7.605585848494779, "std": 6.702078675900479, "min": 1.8261440295861373, "max": 40.16614455100812, "sse": 60104.671777441195}