{"rmse": 0.706493008203498, "mean": 0.6042508564322714, "median": 0.554628005599485, "std": 0.3660782336349629, "min": 0.023112825940326584, "max": 1.6041117798175915, "sse": 95.83341516296215}